taxa	x23	x147	x414	x434
CY158395|A/swine/Texas/03042/2010|Texas|98A|cluster_iv|2010-07-02	i	d	g	t
CY160270|A/swine/Oklahoma/SG1498/2010|Oklahoma|98A|cluster_ivf|2010-11-11	i	d	g	t
JF812305|A/swine/Iowa/A01049060/2010|Iowa|98A|delta-like|2010-11-16	l	d	g	t
JF812306|A/swine/Iowa/A01049062/2010|Iowa|98A|delta-like|2010-11-16	l	d	g	t
CY158451|A/swine/Minnesota/SG1370/2010|Minnesota|98A|delta-like|2010-11-23	l	d	g	t
JN409393|A/swine/Kansas/10-91088/2010|Kansas|98A|cluster_ivf|2010-12-30	i	d	g	t
JN409401|A/swine/Kansas/11-101926/2011|Kansas|98A|cluster_ivf|2011-01-19	i	d	g	t
JN652434|A/swine/Texas/A01049555/2011|Texas|98A|cluster_ivf|2011-02-14	i	d	g	t
JN652435|A/swine/Texas/A01049556/2011|Texas|98A|cluster_ivf|2011-02-14	i	d	g	t
JN409409|A/swine/Kansas/11-104465/2011|Kansas|98A|cluster_ivf|2011-02-16	i	d	g	t
JN409417|A/swine/Kansas/11-104467/2011|Kansas|98A|cluster_ivf|2011-02-16	i	d	g	t
JN409425|A/swine/Kansas/11-107824/2011|Kansas|98A|cluster_ivd|2011-03-18	l	d	g	t
JN652524|A/swine/Iowa/A01049750/2011|Iowa|98A|cluster_ivf|2011-03-28	i	d	g	t
JN652525|A/swine/Iowa/A01049755/2011|Iowa|98A|delta-like|2011-03-28	l	d	g	t
JN652527|A/swine/Iowa/A01049765/2011|Iowa|98A|delta-like|2011-03-29	l	d	g	t
JN652528|A/swine/Iowa/A01049766/2011|Iowa|98A|delta-like|2011-03-29	l	d	g	t
JN409433|A/swine/Kansas/11-109700/2011|Kansas|98A|cluster_ivf|2011-04-02	i	d	g	t
JQ783099|A/swine/Illinois/A01201076/2011|Illinois|98A|cluster_ivf|2011-04-07	i	d	g	t
CY114799|A/swine/Illinois/A01201077/2011|Illinois|98A|cluster_ivf|2011-04-07	i	d	g	t
JN652541|A/swine/Texas/A01049914/2011|Texas|98A|cluster_ivf|2011-04-28	i	d	g	t
JN652542|A/swine/Texas/A01049915/2011|Texas|98A|cluster_ivf|2011-04-28	i	d	g	t
CY114875|A/swine/Minnesota/A00907733/2011|Minnesota|98A|cluster_ivf|2011-08-04	i	d	g	a
JQ783086|A/swine/Minnesota/A00907734/2011|Minnesota|98A|cluster_ivf|2011-08-04	i	d	g	a
JX092456|A/swine/Iowa/A01202657/2011|Iowa|98A|cluster_ivf|2011-10-04	i	d	g	t
JX092457|A/swine/Iowa/A01202658/2011|Iowa|98A|cluster_ivf|2011-10-04	i	d	g	t
JQ756392|A/swine/Minnesota/A01240127/2011|Minnesota|98A|cluster_ivf|2011-10-10	i	d	g	a
CY114910|A/swine/Minnesota/A01116381/2011|Minnesota|98A|cluster_ivf|2011-10-11	i	d	g	a
CY114953|A/swine/Nebraska/A01116984/2011|Nebraska|98A|cluster_ivf|2011-11-03	i	n	g	t
JX092483|A/swine/Iowa/A01202809/2011|Iowa|98A|delta2|2011-11-07	f	d	g	t
JX092484|A/swine/Illinois/A01202825/2011|Illinois|98A|cluster_ivf|2011-11-09	i	d	g	a
JX657739|A/swine/Nebraska/A01240337/2011|Nebraska|98A|cluster_ivf|2011-11-21	i	d	g	t
MF194084|A/swine/Iowa/MT_12_07_11_2_15/2011|Iowa|98A|cluster_ivf|2011-11-22	i	d	g	t
MF194440|A/swine/Iowa/MT_12_07_11_2_20/2011|Iowa|98A|cluster_ivf|2011-11-22	i	d	g	t
JQ689142|A/swine/Nebraska/A01104010/2011|Nebraska|98A|cluster_ivf|2011-12-05	i	d	g	t
CY116625|A/swine/Minnesota/A01240557/2011|Minnesota|98A|cluster_ivf|2011-12-13	i	d	g	t
JX657764|A/swine/Illinois/A01240575/2011|Illinois|98A|cluster_ivf|2011-12-28	i	d	g	t
JX657767|A/swine/Illinois/A01240578/2011|Illinois|98A|cluster_ivf|2011-12-28	y	d	g	t
JX657718|A/swine/Nebraska/A01240867/2012|Nebraska|98A|cluster_ivf|2012-01-03	i	d	g	t
JX092592|A/swine/Iowa/A01203121/2012|Iowa|98A|cluster_ivf|2012-01-05	i	d	g	t
JX422259|A/swine/Nebraska/A01241114/2012|Nebraska|98A|cluster_ivf|2012-01-10	i	d	g	t
JX422394|A/swine/Illinois/A01241065/2012|Illinois|98A|cluster_ivf|2012-01-16	i	d	g	t
JX422556|A/swine/Illinois/A01241066/2012|Illinois|98A|cluster_ivf|2012-01-16	i	d	g	t
JX422574|A/swine/Nebraska/A01241171/2012|Nebraska|98A|cluster_ivf|2012-01-16	i	d	g	t
JX422424|A/swine/Illinois/A01241208/2012|Illinois|98A|cluster_ivf|2012-01-24	i	d	g	t
JX422223|A/swine/Illinois/A01241212/2012|Illinois|98A|cluster_ivf|2012-01-24	i	d	g	t
JX422274|A/swine/Missouri/A01241610/2012|Missouri|98A|cluster_ivf|2012-02-14	i	d	g	t
JX422328|A/swine/Missouri/A01241619/2012|Missouri|98A|cluster_ivf|2012-02-14	i	d	g	t
JX422376|A/swine/Nebraska/A01241785/2012|Nebraska|98A|cluster_ivf|2012-02-20	i	d	g	t
MF194188|A/swine/Iowa/MT_12_07_1911/2012|Iowa|98A|cluster_ivf|2012-02-27	i	d	g	t
MF194464|A/swine/Iowa/MT_12_07_1912/2012|Iowa|98A|cluster_ivf|2012-02-27	i	d	g	t
MF194520|A/swine/Iowa/MT_12_07_1914/2012|Iowa|98A|cluster_ivf|2012-02-27	i	d	g	t
MF194664|A/swine/Iowa/MT_12_07_1915/2012|Iowa|98A|cluster_ivf|2012-02-27	i	d	g	t
MF194156|A/swine/Iowa/MT_12_07_1916/2012|Iowa|98A|cluster_ivf|2012-02-27	i	d	g	t
MF194672|A/swine/Iowa/MT_12_07_1918/2012|Iowa|98A|cluster_ivf|2012-02-27	i	d	g	t
MF194908|A/swine/Iowa/MT_12_07_1923/2012|Iowa|98A|cluster_ivf|2012-02-27	i	d	g	t
MF194180|A/swine/Iowa/MT_12_07_1927/2012|Iowa|98A|cluster_ivf|2012-02-27	i	d	g	t
MF194900|A/swine/Iowa/MT_12_07_1930/2012|Iowa|98A|cluster_ivf|2012-02-27	i	d	g	t
MF194060|A/swine/Iowa/MT_12_07_1931/2012|Iowa|98A|cluster_ivf|2012-02-27	i	d	g	t
JX280445|A/swine/Minnesota/A01125995/2012|Minnesota|98A|cluster_ivf|2012-03-08	i	d	g	t
MF194988|A/swine/Iowa/MT_12_07_2227/2012|Iowa|98A|cluster_ivf|2012-03-29	i	d	g	t
JX422283|A/swine/Montana/A01327551/2012|Montana|98A|cluster_ivf|2012-04-13	i	d	g	t
JX422478|A/swine/Montana/A01327552/2012|Montana|98A|cluster_ivf|2012-04-13	i	d	g	t
JX422469|A/swine/Nebraska/A01327581/2012|Nebraska|98A|cluster_ivf|2012-04-16	i	d	g	t
JX422346|A/swine/Minnesota/A01327763/2012|Minnesota|98A|cluster_ivf|2012-04-20	i	d	g	a
JX422379|A/swine/Minnesota/A01327764/2012|Minnesota|98A|cluster_ivf|2012-04-20	i	d	g	a
JX657733|A/swine/Minnesota/A01327666/2012|Minnesota|98A|cluster_ivf|2012-04-23	i	d	g	a
JX422532|A/swine/Nebraska/A01327747/2012|Nebraska|98A|cluster_ivf|2012-04-26	i	d	g	t
MF194076|A/swine/Iowa/MT_12_07_2593/2012|Iowa|98A|cluster_ivf|2012-04-30	i	d	g	t
MF194456|A/swine/Iowa/MT_12_07_2594/2012|Iowa|98A|cluster_ivf|2012-04-30	i	d	g	t
MF194432|A/swine/Iowa/MT_12_07_2595/2012|Iowa|98A|cluster_ivf|2012-04-30	i	d	g	t
JX657796|A/swine/Minnesota/A01300999/2012|Minnesota|98A|cluster_ivf|2012-05-03	i	d	g	a
JX657727|A/swine/Minnesota/A01301000/2012|Minnesota|98A|cluster_ivf|2012-05-03	i	d	g	a
KJ161899|A/swine/Nebraska/A01300023/2012|Nebraska|98A|cluster_ivf|2012-06-12	i	d	g	t
JX273048|A/swine/Nebraska/A01300032/2012|Nebraska|98A|cluster_ivf|2012-06-12	i	d	g	t
KJ161883|A/swine/Iowa/A01300445/2012|Iowa|98A|cluster_ivf|2012-06-13	i	d	g	t
JX656999|A/swine/Iowa/A01300451/2012|Iowa|98A|cluster_ivf|2012-06-25	i	d	g	t
JX656960|A/swine/Nebraska/A01300022/2012|Nebraska|98A|cluster_ivf|2012-06-25	i	n	g	t
MF194836|A/swine/Iowa/MT_12_07_3836/2012|Iowa|98A|cluster_ivf|2012-07-09	i	d	g	t
MF194100|A/swine/Iowa/MT_12_07_3840/2012|Iowa|98A|cluster_ivf|2012-07-09	i	d	g	t
JX444791|A/swine/Nebraska/A01203626/2012|Nebraska|98A|pdmh1|2012-07-12	i	n	g	t
JX657008|A/swine/Nebraska/A01300467/2012|Nebraska|98A|cluster_ivf|2012-07-12	i	d	g	t
JX656990|A/swine/Nebraska/A01300475/2012|Nebraska|98A|cluster_ivf|2012-07-13	i	d	s	t
MF194656|A/swine/Minnesota/MT_12_07_4005/2012|Minnesota|98A|cluster_ivf|2012-07-30	i	d	g	t
MF195020|A/swine/Minnesota/MT_12_07_4017/2012|Minnesota|98A|cluster_ivf|2012-07-30	i	d	g	t
JX657005|A/swine/Minnesota/A01301345/2012|Minnesota|98A|cluster_ivf|2012-08-02	i	d	g	a
JX657032|A/swine/Minnesota/A01301346/2012|Minnesota|98A|cluster_ivf|2012-08-02	i	d	g	a
JX565712|A/swine/Minnesota/17/2012|Minnesota|98A|cluster_ivf|2012-08-10	i	d	g	t
JX658777|A/swine/Colorado/A01203748/2012|Colorado|98A|unknown|2012-08-13	l	d	l	t
MF194308|A/swine/Iowa/MT_12_07_4305/2012|Iowa|98A|cluster_ivf|2012-08-31	i	d	g	t
JX898904|A/swine/Montana/21/2012|Montana|98A|unknown|2012-09-14	i	g	g	t
KC139740|A/swine/Nebraska/A01270879/2012|Nebraska|98A|cluster_ivf|2012-10-16	i	d	g	t
KC222219|A/swine/Nebraska/A01271548/2012|Nebraska|98A|cluster_ivf|2012-10-29	i	d	g	n
KC222304|A/swine/Nebraska/A01271549/2012|Nebraska|98A|cluster_ivf|2012-10-29	i	d	g	t
KC526200|A/swine/South_Dakota/A01280095/2013|South_Dakota|98A|cluster_ivf|2013-01-03	i	d	g	a
KC755693|A/swine/Iowa/A01432500/2013|Iowa|98A|cluster_ivf|2013-03-01	i	g	g	a
KC844211|A/swine/South_Dakota/A01349341/2013|South_Dakota|98A|delta1b|2013-03-13	i	d	g	t
KF037961|A/swine/South_Dakota/A01350210/2013|South_Dakota|98A|delta1b|2013-04-29	i	d	g	t
KF113305|A/swine/South_Dakota/A01350220/2013|South_Dakota|98A|delta1b|2013-04-29	i	g	g	t
KF305497|A/swine/South_Dakota/A01351021/2013|South_Dakota|98A|delta1b|2013-06-10	i	g	g	t
KF680262|A/swine/Nebraska/A01399268/2013|Nebraska|98A|cluster_ivf|2013-08-09	i	d	g	t
KF735651|A/swine/Minnesota/A01392534/2013|Minnesota|98A|cluster_ivf|2013-10-03	i	d	g	a
KF715257|A/swine/SouthDakota/A01365178/2013|South_Dakota|98A|delta1b|2013-10-03	i	d	g	t
KF765600|A/swine/South_Dakota/A01365378/2013|South_Dakota|98A|delta1b|2013-10-15	i	d	g	t
KF922745|A/swine/Minnesota/A01290747/2013|Minnesota|98A|cluster_ivf|2013-11-01	i	d	g	a
KF922793|A/swine/Minnesota/A01290748/2013|Minnesota|98A|cluster_ivf|2013-11-01	i	d	g	a
KF938992|A/swine/Minnesota/A01366009/2013|Minnesota|98A|delta1b|2013-11-26	i	d	g	t
KJ130230|A/swine/SouthDakota/A01366307/2013|South_Dakota|98A|delta1b|2013-12-12	i	d	g	t
KJ130239|A/swine/SouthDakota/A01366455/2013|South_Dakota|98A|delta1b|2013-12-23	i	d	g	t
KJ683876|A/swine/South_Dakota/A01480796/2014|South_Dakota|98A|delta1b|2014-04-01	i	d	g	t
KM821571|A/swine/Illinois/A01477429/2014|Illinois|98A|delta1b|2014-08-28	i	d	g	t
KP288134|A/swine/Illinois/A01478303/2014|Illinois|98A|delta1b|2014-11-17	i	d	g	t
KT327335|A/swine/Illinois/A02035327/2015|Illinois|98A|delta1b|2015-07-01	i	g	g	t
KU198909|A/swine/Minnesota/A01940992/2015|Minnesota|98A|delta1b|2015-11-02	i	d	g	t
KX255806|A/swine/Iowa/A01895385/2016|Iowa|98A|delta1b|2016-04-12	i	d	s	t
MF375250|A/swine/Illinois/A02216460/2017|Illinois|98A|delta1b|2017-05-24	i	d	g	t
