taxa	19	40	66	77	82	86	149	269	313	468
HQ424895|A/swine/North_Carolina/44837-4/2009|North_Carolina|98B|delta2|2009-12-21	t	y	v	i	a	n	v	l	a	p
JQ906928|A/swine/North_Carolina/A01076185/2010|North_Carolina|98B|delta2|2010-01-10	t	y	v	i	a	n	v	l	a	p
CY158403|A/swine/North_Carolina/SG1357/2010|North_Carolina|98B|delta2|2010-01-13	t	y	v	i	a	n	v	l	a	p
JQ906929|A/swine/North_Carolina/A01076192/2010|North_Carolina|98B|delta2|2010-02-14	t	y	v	i	a	n	v	l	v	p
CY160001|A/swine/North_Carolina/SG1359/2010|North_Carolina|98B|delta2|2010-02-19	t	y	v	i	a	n	v	l	v	p
JQ906930|A/swine/North_Carolina/A01076200/2010|North_Carolina|98B|delta2|2010-03-21	t	y	v	i	a	n	v	l	v	p
JX048045|A/swine/North_Carolina/A01076202/2010|North_Carolina|98B|delta2|2010-03-28	t	y	v	i	a	n	v	l	v	p
JX048046|A/swine/North_Carolina/A01076206/2010|North_Carolina|98B|delta2|2010-04-18	t	y	v	i	a	n	v	l	a	p
CY086938|A/swine/North_Carolina/239108/2010|North_Carolina|98B|delta2|2010-04-21	t	y	v	i	a	n	v	l	a	p
CY158419|A/swine/North_Carolina/SG1360/2010|North_Carolina|98B|delta2|2010-04-21	t	y	v	i	a	n	v	l	a	p
CY086890|A/swine/North_Carolina/226124/2010|North_Carolina|98B|delta2|2010-09-08	t	y	v	i	a	n	v	l	v	p
CY086898|A/swine/North_Carolina/226125/2010|North_Carolina|98B|delta2|2010-09-08	t	y	v	i	a	n	v	l	v	p
CY086906|A/swine/North_Carolina/226126/2010|North_Carolina|98B|delta2|2010-09-08	t	y	v	i	a	n	v	l	v	p
CY158435|A/swine/North_Carolina/SG1365/2010|North_Carolina|98B|delta2|2010-10-29	t	y	f	i	a	n	v	l	v	p
CY158547|A/swine/North_Carolina/SG1389/2011|North_Carolina|98B|delta2|2011-03-18	t	y	v	i	a	n	v	l	v	p
CY158539|A/swine/North_Carolina/SG1388/2011|North_Carolina|98B|delta2|2011-03-25	t	h	v	i	a	n	v	l	a	p
JX092326|A/swine/Indiana/A01202298/2011|Indiana|98B|delta2|2011-06-28	t	y	v	i	a	n	v	l	v	p
CY159011|A/swine/North_Carolina/SG1394/2011|North_Carolina|98B|delta2|2011-09-28	t	y	v	i	a	d	v	l	v	p
JX092479|A/swine/Iowa/A01202797/2011|Iowa|98B|delta2|2011-11-03	t	y	v	i	a	n	v	l	v	p
CY158523|A/swine/Virginia/SG1386/2011|Virginia|98B|delta2|2011-11-04	t	y	v	i	a	n	v	l	v	p
JX952151|A/swine/North_Carolina/A01270393/2011|North_Carolina|98B|delta2|2011-12-08	a	c	v	k	a	n	f	i	v	p
KC508598|A/swine/Michigan/A01259001/2012|Michigan|98B|delta2|2012-09-27	t	y	v	i	a	n	v	l	v	p
KF113328|A/swine/North_Carolina/A01432728/2013|North_Carolina|98B|delta2|2013-05-01	a	c	v	k	a	n	f	i	v	p
KF791369|A/swine/North_Carolina/A01290598/2013|North_Carolina|98B|delta2|2013-10-01	a	c	v	k	a	n	f	v	v	p
KF924060|A/swine/North_Carolina/A01290721/2013|North_Carolina|98B|delta2|2013-11-01	a	c	v	k	a	n	f	i	v	p
KF922820|A/swine/North_Carolina/A01290741/2013|North_Carolina|98B|delta2|2013-11-01	t	y	v	i	a	n	v	l	v	p
KF924094|A/swine/North_Carolina/A01290765/2013|North_Carolina|98B|delta2|2013-11-01	t	y	v	i	a	n	v	l	v	p
KF986970|A/swine/North_Carolina/A01290790/2013|North_Carolina|98B|delta2|2013-11-01	a	c	v	k	a	n	f	i	v	p
KF986955|A/swine/North_Carolina/A01290889/2013|North_Carolina|98B|delta2|2013-11-01	a	c	v	k	a	n	f	i	v	p
KF986925|A/swine/North_Carolina/A01290891/2013|North_Carolina|98B|delta2|2013-11-01	a	c	v	k	a	n	f	i	v	p
KJ397952|A/swine/North_Carolina/A01290890/2013|North_Carolina|98B|delta2|2013-12-01	a	c	v	k	a	n	f	i	v	p
KJ397948|A/swine/North_Carolina/A01410024/2013|North_Carolina|98B|gamma|2013-12-01	a	c	v	k	a	n	f	i	v	p
KJ130091|A/swine/North_Carolina/A01290932/2013|North_Carolina|98B|delta2|2013-12-03	a	c	v	k	a	s	f	i	v	p
KJ437590|A/swine/Oklahoma/A01409770/2014|Oklahoma|98B|delta2|2014-01-01	a	c	m	k	a	s	f	i	v	p
KJ605089|A/swine/North_Carolina/A01410326/2014|North_Carolina|98B|delta2|2014-02-01	a	c	v	k	a	n	f	i	v	p
KJ739384|A/swine/North_Carolina/A01410522/2014|North_Carolina|98B|delta2|2014-03-01	a	c	v	k	a	s	f	i	v	p
KJ701811|A/swine/North_Carolina/A01475223/2014|North_Carolina|98B|delta2|2014-03-01	a	c	v	k	a	s	f	i	v	p
KJ739369|A/swine/North_Carolina/A01410564/2014|North_Carolina|98B|delta2|2014-03-19	a	c	v	k	a	n	f	i	v	p
KJ739408|A/swine/North_Carolina/A01410562/2014|North_Carolina|98B|delta2|2014-04-01	a	c	v	k	a	n	f	i	v	p
KJ813422|A/swine/North_Carolina/A01410681/2014|North_Carolina|98B|delta2|2014-04-01	t	y	v	i	a	n	v	l	v	p
KM027347|A/swine/North_Carolina/A01475606/2014|North_Carolina|98B|delta2|2014-05-01	a	c	v	k	a	n	f	i	v	p
KM402862|A/swine/North_Carolina/A01476080/2014|North_Carolina|98B|delta2|2014-07-08	a	c	v	k	a	n	f	i	v	p
KM402765|A/swine/Kansas/018050-2/2014|Kansas|98B|delta2|2014-07-09	t	y	v	i	a	n	v	l	v	p
KM402768|A/swine/Kansas/018050-3/2014|Kansas|98B|delta2|2014-07-09	t	y	v	i	a	n	v	l	v	p
KM402865|A/swine/North_Carolina/A01476107/2014|North_Carolina|98B|delta2|2014-07-16	a	c	v	k	a	n	f	v	v	p
KM402838|A/swine/North_Carolina/A01476108/2014|North_Carolina|98B|delta2|2014-07-16	a	c	v	k	a	n	f	v	v	p
KM503170|A/swine/North_Carolina/A01476110/2014|North_Carolina|98B|delta2|2014-07-16	a	c	v	k	a	n	f	i	v	p
KM402832|A/swine/North_Carolina/A01477103/2014|North_Carolina|98B|delta2|2014-07-18	a	c	v	k	a	n	f	i	v	p
KM402859|A/swine/North_Carolina/A01411888/2014|North_Carolina|98B|delta2|2014-07-23	a	c	v	k	a	n	f	i	v	p
KM409543|A/swine/North_Carolina/A01476173/2014|North_Carolina|98B|delta2|2014-07-29	a	c	v	k	a	n	f	i	i	p
KM409513|A/swine/North_Carolina/A01476193/2014|North_Carolina|98B|delta2|2014-08-06	a	c	v	k	a	n	f	i	v	p
KM503173|A/swine/North_Carolina/A01477340/2014|North_Carolina|98B|delta2|2014-08-15	a	c	v	k	a	s	f	i	v	p
KM821556|A/swine/North_Carolina/A01476256/2014|North_Carolina|98B|delta2|2014-08-19	a	c	v	k	a	s	f	i	v	p
KM821583|A/swine/North_Carolina/A01476254/2014|North_Carolina|98B|delta2|2014-08-22	a	c	v	k	a	n	f	i	v	p
KM821544|A/swine/North_Carolina/A01476270/2014|North_Carolina|98B|delta2|2014-08-22	t	y	v	t	a	n	v	l	v	p
KM821595|A/swine/North_Carolina/A01476317/2014|North_Carolina|98B|delta2|2014-08-22	a	c	v	k	a	n	f	i	v	p
KM503184|A/swine/Kansas/A01377349/2014|Kansas|98B|delta1b|2014-08-27	t	y	v	i	a	n	v	s	v	p
KM821586|A/swine/North_Carolina/A01476318/2014|North_Carolina|98B|delta2|2014-08-27	a	c	v	k	a	n	f	x	v	p
KM821592|A/swine/North_Carolina/A01476343/2014|North_Carolina|98B|delta2|2014-09-02	a	c	v	k	a	n	f	i	v	p
KM821565|A/swine/North_Carolina/A01476339/2014|North_Carolina|98B|delta2|2014-09-03	a	c	v	k	a	n	f	i	v	p
KM879426|A/swine/North_Carolina/A01476349/2014|North_Carolina|98B|delta2|2014-09-05	a	c	v	k	a	n	f	v	v	p
KM879435|A/swine/North_Carolina/A01476420/2014|North_Carolina|98B|delta2|2014-09-16	a	c	v	k	a	n	f	i	v	p
KP019678|A/swine/North_Carolina/A01476467/2014|North_Carolina|98B|delta2|2014-09-23	g	c	v	k	a	n	f	v	v	p
KP137757|A/swine/North_Carolina/A01466487/2014|North_Carolina|98B|delta2|2014-09-26	v	y	v	k	a	n	f	i	v	p
KP137730|A/swine/North_Carolina/A01476510/2014|North_Carolina|98B|delta2|2014-10-01	a	c	v	k	a	n	f	i	v	p
KP137748|A/swine/Indiana/A01476558/2014|Indiana|98B|delta2|2014-10-06	t	y	v	i	a	n	v	l	v	p
KP137805|A/swine/North_Carolina/A01476620/2014|North_Carolina|98B|delta2|2014-10-07	a	c	v	k	a	s	f	i	v	p
KP186091|A/swine/North_Carolina/A01476740/2014|North_Carolina|98B|delta2|2014-10-14	a	c	v	k	a	s	f	i	x	p
KP186079|A/swine/North_Carolina_/A01476766/2014|North_Carolina|98B|delta2|2014-10-20	a	c	v	k	a	s	f	i	v	p
KP192039|A/swine/Indiana/A01260699/2014|Indiana|98B|delta2|2014-10-21	t	y	v	i	a	n	v	l	v	p
KP186076|A/swine/North_Carolina/A01476787/2014|North_Carolina|98B|delta2|2014-10-21	a	c	v	k	a	s	f	i	v	p
KP233681|A/swine/North_Carolina/A01476855/2014|North_Carolina|98B|delta2|2014-10-23	a	c	m	k	a	n	f	i	v	p
KP233696|A/swine/North_Carolina/A01478207/2014|North_Carolina|98B|delta2|2014-10-24	a	c	v	k	a	n	f	v	v	s
KP307952|A/swine/Indiana/A01260713/2014|Indiana|98B|delta2|2014-11-03	t	y	v	i	a	n	v	l	v	p
KP288035|A/swine/North_Carolina/A01477803/2014|North_Carolina|98B|delta2|2014-11-05	a	c	v	k	a	n	f	i	v	p
KP288122|A/swine/North_Carolina/A01476925/2014|North_Carolina|98B|delta2|2014-11-06	a	c	v	k	a	n	f	i	v	p
KP288053|A/swine/North_Carolina/A01477834/2014|North_Carolina|98B|delta2|2014-11-07	a	c	v	k	a	n	f	i	v	p
KP288082|A/swine/Ohio/A01476936/2014|Ohio|98B|delta2|2014-11-10	t	y	v	i	a	n	v	l	v	p
KP693590|A/swine/Indiana/A01260717/2014|Indiana|98B|delta2|2014-11-11	t	y	v	i	a	n	v	l	v	p
KP341337|A/swine/Indiana/A01555087/2014|Indiana|98B|cluster_iva|2014-12-01	t	y	v	i	a	n	v	l	v	p
KP341349|A/swine/North_Carolina/A01840086/2014|North_Carolina|98B|delta2|2014-12-05	a	c	v	k	a	n	f	i	v	p
KP691524|A/swine/Kansas/14-032369/2014|Kansas|98B|delta2|2014-12-10	t	y	v	i	a	n	v	s	v	p
KP691527|A/swine/Kansas/14-032473/2014|Kansas|98B|delta2|2014-12-10	a	c	v	k	a	n	f	i	a	p
KP691536|A/swine/Kansas/14-032899/2014|Kansas|98B|delta2|2014-12-10	a	c	v	k	a	n	f	i	v	p
KP691539|A/swine/Kansas/14-032900/2014|Kansas|98B|delta2|2014-12-10	a	c	v	k	a	n	f	i	v	p
KP691542|A/swine/Kansas/14-032901/2014|Kansas|98B|delta2|2014-12-10	t	y	v	i	a	n	v	s	v	p
KP662614|A/swine/Oklahoma/A01840252/2014|Oklahoma|98B|delta2|2014-12-10	a	c	v	k	a	s	f	i	v	p
KP709060|A/swine/North_Carolina/A01377454/2014|North_Carolina|98B|delta2|2014-12-11	t	y	v	i	a	n	v	l	v	p
KP709063|A/swine/North_Carolina/A01377455/2014|North_Carolina|98B|delta2|2014-12-11	a	c	v	k	a	n	f	i	v	p
KP709066|A/swine/North_Carolina/A01377456/2014|North_Carolina|98B|delta2|2014-12-11	t	y	v	i	a	n	v	l	v	p
KP709072|A/swine/North_Carolina/A01377458/2014|North_Carolina|98B|delta2|2014-12-11	a	c	v	k	a	n	f	i	v	p
KP709075|A/swine/North_Carolina/A01377459/2014|North_Carolina|98B|delta2|2014-12-11	a	c	v	k	a	n	f	i	v	p
KP709078|A/swine/North_Carolina/A01377460/2014|North_Carolina|98B|delta2|2014-12-11	t	y	v	i	a	n	v	l	v	p
KP461658|A/swine/Iowa/A01840164/2014|Iowa|98B|delta2|2014-12-12	a	f	m	k	a	n	f	m	v	p
KP662620|A/swine/Ohio/A01478483/2014|Ohio|98B|delta2|2014-12-15	a	c	v	k	a	s	f	i	v	p
KP461592|A/swine/Ohio/A01840191/2014|Ohio|98B|delta2|2014-12-15	a	c	v	k	a	s	f	i	v	p
KP461622|A/swine/Arkansas/A01840239/2014|Arkansas|98B|delta2|2014-12-22	t	y	v	i	a	n	v	l	v	p
KP842738|A/swine/Indiana/A01840272/2015|Indiana|98B|delta2|2015-01-06	t	y	v	i	a	n	v	l	v	p
KP765825|A/swine/Indiana/A01840392/2015|Indiana|98B|delta2|2015-01-13	t	y	v	i	a	n	v	l	v	p
KP842752|A/swine/Indiana/A01840455/2015|Indiana|98B|delta2|2015-01-14	t	y	v	m	a	n	v	l	v	p
KP842773|A/swine/North_Carolina/A01555365/2015|North_Carolina|98B|delta2|2015-01-16	t	y	v	i	a	n	v	l	v	p
KP842758|A/swine/Iowa/A01840492/2015|Iowa|98B|delta2|2015-01-20	t	y	v	i	a	n	v	l	v	p
KP842749|A/swine/Ohio/A01478678/2015|Ohio|98B|delta2|2015-01-27	a	c	v	k	a	s	f	i	v	p
KP842755|A/swine/Ohio/A01840604/2015|Ohio|98B|delta2|2015-01-27	a	c	v	k	a	s	f	i	v	p
KP842729|A/swine/North_Carolina/A01555452/2015|North_Carolina|98B|delta2|2015-01-28	a	c	v	k	a	s	f	i	v	p
KP996584|A/swine/North_Carolina/A01555544/2015|North_Carolina|98B|delta2|2015-02-10	a	c	v	k	a	n	f	i	v	p
KP996536|A/swine/Indiana/A01840752/2015|Indiana|98B|delta2|2015-02-12	a	c	v	k	a	n	f	i	v	p
KP996566|A/swine/Iowa/A01840762/2015|Iowa|98B|delta2|2015-02-13	t	y	v	i	a	n	v	l	v	p
KP901328|A/swine/North_Carolina/A01840751/2015|North_Carolina|98B|delta2|2015-02-13	a	c	v	k	a	n	f	i	v	p
KP996575|A/swine/Indiana/A01840825/2015|Indiana|98B|delta2|2015-02-19	t	y	v	m	a	n	v	l	v	p
KR012366|A/swine/Indiana/A01840859/2015|Indiana|98B|delta2|2015-02-24	t	y	v	i	a	n	v	l	v	p
KR012342|A/swine/Pennsylvania/A01840902/2015|Pennsylvania|98B|delta2|2015-03-02	a	c	v	k	a	s	f	i	v	p
KR057438|A/swine/Indiana/A01840956/2015|Indiana|98B|delta2|2015-03-04	t	y	v	i	a	n	v	l	v	p
KR065780|A/swine/Ohio/A01840938/2015|Ohio|98B|delta2|2015-03-04	t	y	v	i	a	n	v	l	v	p
KR057447|A/swine/North_Carolina/A01840952/2015|North_Carolina|98B|delta2|2015-03-06	a	c	v	k	a	s	f	i	v	p
KR065753|A/swine/North_Carolina/A01840982/2015|North_Carolina|98B|delta2|2015-03-11	t	y	v	i	a	n	v	l	v	p
KR065756|A/swine/North_Carolina/A01841409/2015|North_Carolina|98B|delta2|2015-03-11	a	c	v	k	a	s	f	i	v	p
KR088280|A/swine/Indiana/A01841560/2015|Indiana|98B|delta2|2015-03-17	a	c	v	k	a	n	f	i	v	p
KR088274|A/swine/Indiana/A02076010/2015|Indiana|98B|delta2|2015-03-17	a	c	v	k	a	n	f	i	v	p
KR150944|A/swine/North_Carolina/A01841710/2015|North_Carolina|98B|delta2|2015-03-20	a	c	v	k	a	n	f	i	v	p
KR150920|A/swine/North_Carolina/A02076024/2015|North_Carolina|98B|delta2|2015-03-25	a	c	v	k	a	s	f	i	v	p
KT208389|A/swine/Indiana/A01260877/2015|Indiana|98B|delta2|2015-04-28	t	y	v	i	a	n	v	l	v	p
KR982652|A/swine/Indiana/A01554793/2015|Indiana|98B|delta2|2015-04-30	t	y	v	i	a	n	v	l	v	p
KR982613|A/swine/North_Carolina/A02076670/2015|North_Carolina|98B|delta2|2015-04-30	g	c	v	k	a	s	f	v	v	p
KR982634|A/swine/Michigan/A02077465/2015|Michigan|98B|delta2|2015-05-01	t	y	v	i	a	n	v	l	v	p
KT694124|A/swine/Indiana/A01260890/2015|Indiana|98B|delta2|2015-05-05	t	y	v	i	a	n	v	l	g	p
KT580878|A/swine/Indiana/A01260893/2015|Indiana|98B|delta2|2015-05-06	t	y	v	i	a	n	v	l	g	p
KT000059|A/swine/North_Carolina/A02077501/2015|North_Carolina|98B|delta2|2015-05-06	g	c	v	k	a	s	f	v	v	p
KT000068|A/swine/North_Carolina/A02077502/2015|North_Carolina|98B|delta2|2015-05-06	g	c	v	k	a	s	f	v	v	p
KT000053|A/swine/North_Carolina/A02077509/2015|North_Carolina|98B|delta2|2015-05-06	g	c	v	k	a	s	f	v	v	p
KT164903|A/swine/Indiana/A01554928/2015|Indiana|98B|delta2|2015-05-12	t	y	v	i	a	n	v	l	v	p
KT164857|A/swine/North_Carolina/A02077689/2015|North_Carolina|98B|delta2|2015-05-22	a	c	v	k	a	s	f	i	v	p
KT327346|A/swine/Indiana/A02025101/2015|Indiana|98B|delta2|2015-06-30	t	y	v	i	a	n	v	l	v	p
KT327343|A/swine/Indiana/A02025102/2015|Indiana|98B|delta2|2015-06-30	t	y	v	i	a	n	v	l	v	p
KT356713|A/swine/Pennsylvania/A02035484/2015|Pennsylvania|98B|delta2|2015-07-08	a	c	v	k	a	r	f	i	v	p
KT735033|A/swine/Indiana/A01260943/2015|Indiana|98B|delta2|2015-07-20	t	y	v	i	a	n	v	l	v	p
KT446462|A/swine/North_Carolina/A02035808/2015|North_Carolina|98B|delta2|2015-07-22	a	c	v	k	a	s	f	i	v	p
KT804017|A/swine/Indiana/A01260948/2015|Indiana|98B|delta2|2015-07-27	t	y	v	i	a	n	v	l	v	p
KT446456|A/swine/North_Carolina/A02034873/2015|North_Carolina|98B|delta2|2015-07-27	a	c	v	k	a	n	f	i	v	p
KT595707|A/swine/North_Carolina/A02025430/2015|North_Carolina|98B|delta2|2015-07-28	a	c	m	k	a	n	f	i	v	p
KT595701|A/swine/North_Carolina/A02035922/2015|North_Carolina|98B|delta2|2015-07-29	a	c	v	k	a	n	f	i	v	p
KT750795|A/swine/North_Carolina/A01770255/2015|North_Carolina|98B|delta2|2015-08-06	a	c	v	k	a	s	f	i	v	p
KT750765|A/swine/North_Carolina/A02025522/2015|North_Carolina|98B|delta2|2015-08-07	a	c	m	k	a	n	f	i	v	p
KT750783|A/swine/North_Carolina/A02076944/2015|North_Carolina|98B|delta2|2015-08-07	a	c	m	k	a	n	f	i	v	p
KT750792|A/swine/North_Carolina/A02076945/2015|North_Carolina|98B|delta2|2015-08-07	a	c	m	k	a	n	f	i	v	p
KT750774|A/swine/North_Carolina/A01770259/2015|North_Carolina|98B|delta2|2015-08-12	a	c	v	k	a	n	f	i	v	p
KT767632|A/swine/North_Carolina/A02025581/2015|North_Carolina|98B|delta2|2015-08-12	a	c	v	k	a	n	f	v	v	p
KT767614|A/swine/North_Carolina/A02025585/2015|North_Carolina|98B|delta2|2015-08-14	a	c	v	k	a	s	f	i	v	p
KT803130|A/swine/North_Carolina/A02025643/2015|North_Carolina|98B|delta2|2015-08-19	a	c	v	k	a	s	f	i	v	p
KT825121|A/swine/North_Carolina/A02025840/2015|North_Carolina|98B|delta2|2015-08-31	a	c	v	k	a	s	f	i	v	p
KT825086|A/swine/North_Carolina/A01770964/2015|North_Carolina|98B|delta2|2015-09-01	a	c	v	k	a	s	f	i	v	p
KT825083|A/swine/North_Carolina/A01857099/2015|North_Carolina|98B|delta2|2015-09-02	a	c	v	k	a	s	f	i	v	p
KT825127|A/swine/North_Carolina/A01770961/2015|North_Carolina|98B|delta2|2015-09-04	a	c	v	k	a	s	f	i	v	p
KT867230|A/swine/North_Carolina/A01857214/2015|North_Carolina|98B|delta2|2015-09-08	a	c	v	k	a	s	f	i	v	p
KT889316|A/swine/North_Carolina/A01944052/2015|North_Carolina|98B|delta2|2015-09-10	a	c	v	k	a	s	f	i	v	p
KT867239|A/swine/North_Carolina/A01945071/2015|North_Carolina|98B|delta2|2015-09-10	a	c	v	k	a	n	f	i	v	p
KT867248|A/swine/North_Carolina/A02025967/2015|North_Carolina|98B|delta2|2015-09-10	a	c	v	k	a	s	f	i	v	p
KT889337|A/swine/North_Carolina/A01795090/2015|North_Carolina|98B|delta2|2015-09-15	a	c	v	k	a	s	f	i	v	p
KT889343|A/swine/North_Carolina/A01945113/2015|North_Carolina|98B|delta2|2015-09-15	s	c	v	k	a	n	f	i	v	p
KT965363|A/swine/Indiana/A01945254/2015|Indiana|98B|delta2|2015-09-25	t	y	v	i	a	n	v	l	v	p
KT924278|A/swine/North_Carolina/A01945329/2015|North_Carolina|98B|gamma|2015-09-28	t	y	v	i	a	n	v	l	v	p
KT965388|A/swine/North_Carolina/A01944294/2015|North_Carolina|98B|delta2|2015-09-29	a	c	v	k	a	n	f	i	v	p
KT965366|A/swine/North_Carolina/A01944409/2015|North_Carolina|98B|delta2|2015-10-02	a	c	v	k	a	s	f	i	v	p
KT965375|A/swine/North_Carolina/A01945368/2015|North_Carolina|98B|delta2|2015-10-02	a	c	v	k	a	n	f	i	v	p
KT995528|A/swine/North_Carolina/A01945598/2015|North_Carolina|98B|delta2|2015-10-06	a	c	v	k	a	n	f	i	v	p
KT995516|A/swine/North_Carolina/A01945603/2015|North_Carolina|98B|delta2|2015-10-06	a	c	v	k	a	n	f	i	v	p
KU143614|A/swine/North_Carolina/A01857751/2015|North_Carolina|98B|delta2|2015-10-08	a	c	v	k	a	s	f	i	v	p
KT995499|A/swine/North_Carolina/A01945525/2015|North_Carolina|98B|delta2|2015-10-09	a	c	v	k	a	s	f	i	v	p
KU143665|A/swine/North_Carolina/A01945861/2015|North_Carolina|98B|delta2|2015-10-15	a	c	v	k	a	n	f	i	v	p
KU143632|A/swine/North_Carolina/A01945652/2015|North_Carolina|98B|delta2|2015-10-16	a	c	v	k	a	n	f	i	v	p
KU143656|A/swine/North_Carolina/A01945748/2015|North_Carolina|98B|delta2|2015-10-19	a	c	v	k	a	n	f	v	v	p
KU752412|A/swine/Indiana/A01812028/2015|Indiana|98B|delta2|2015-10-20	a	c	v	k	a	s	f	i	v	p
KU173932|A/swine/North_Carolina/A01945949/2015|North_Carolina|98B|delta2|2015-10-27	a	c	v	k	a	n	f	i	v	p
KU173920|A/swine/North_Carolina/A01857988/2015|North_Carolina|98B|delta2|2015-10-28	a	c	v	k	a	n	f	i	v	p
KU173944|A/swine/North_Carolina/A01795718/2015|North_Carolina|98B|delta2|2015-10-30	a	c	v	k	a	s	f	i	v	p
KU173941|A/swine/North_Carolina/A01795723/2015|North_Carolina|98B|delta2|2015-10-30	a	c	v	k	a	s	f	i	v	p
KU242672|A/swine/North_Carolina/A01795838/2015|North_Carolina|98B|delta2|2015-11-05	a	c	v	k	a	n	f	v	v	p
KU752433|A/swine/Indiana/A01812062/2015|Indiana|98B|delta2|2015-11-06	t	y	v	i	a	n	v	l	v	p
KU301030|A/swine/North_Carolina/A01796291/2015|North_Carolina|98B|delta2|2015-11-09	a	c	v	k	a	n	f	i	v	p
KU301027|A/swine/North_Carolina/A01796320/2015|North_Carolina|98B|delta2|2015-11-10	a	c	v	k	a	n	f	i	v	p
KU301018|A/swine/North_Carolina/A01796310/2015|North_Carolina|98B|delta2|2015-11-11	a	c	v	k	a	n	f	i	i	p
KU357021|A/swine/North_Carolina/A01796370/2015|North_Carolina|98B|delta2|2015-11-13	a	c	v	k	a	n	f	v	v	p
KU357024|A/swine/North_Carolina/A01796373/2015|North_Carolina|98B|delta2|2015-11-13	a	c	v	k	a	n	f	i	v	p
KU379570|A/swine/North_Carolina/A01797476/2015|North_Carolina|98B|delta2|2015-11-16	a	c	m	k	a	n	f	i	v	p
KU357000|A/swine/Pennsylvania/A01798127/2015|Pennsylvania|98B|delta2|2015-11-17	a	c	v	k	a	s	f	i	v	s
KU379614|A/swine/North_Carolina/A01797607/2015|North_Carolina|98B|delta2|2015-11-25	a	c	v	k	a	s	f	i	v	p
KU500820|A/swine/Indiana/A01894057/2015|Indiana|98B|delta2|2015-12-02	a	c	v	k	a	s	f	i	v	p
KU500844|A/swine/North_Carolina/A01796640/2015|North_Carolina|98B|delta2|2015-12-02	v	c	m	k	a	n	f	i	v	p
KU500853|A/swine/North_Carolina/A01797732/2015|North_Carolina|98B|delta2|2015-12-04	a	c	v	k	a	s	f	i	v	p
KU598248|A/swine/Minnesota/A01941641/2015|Minnesota|98B|delta2|2015-12-15	t	y	v	i	s	n	v	l	v	p
KU558804|A/swine/Pennsylvania/A01728037/2015|Pennsylvania|98B|delta2|2015-12-18	a	c	v	k	a	s	f	m	v	p
KU558813|A/swine/Ohio/A01728547/2015|Ohio|98B|delta2|2015-12-24	a	c	v	k	a	s	f	i	v	p
KU565144|A/swine/North_Carolina/A01728631/2015|North_Carolina|98B|delta2|2015-12-28	a	c	v	k	a	n	f	i	i	p
KU565159|A/swine/Indiana/A01728621/2015|Indiana|98B|delta2|2015-12-29	a	c	v	k	a	n	f	i	i	p
KU565150|A/swine/North_Carolina/A01728691/2015|North_Carolina|98B|delta2|2015-12-31	a	c	v	k	a	s	f	i	v	p
KU565156|A/swine/Indiana/A01728930/2016|Indiana|98B|delta2|2016-01-05	a	c	v	k	a	n	f	i	i	p
KU598294|A/swine/Indiana/A01729197/2016|Indiana|98B|delta2|2016-01-07	t	y	v	i	a	n	v	l	v	p
KU666898|A/swine/North_Carolina/A01729436/2016|North_Carolina|98B|delta2|2016-01-12	a	c	m	k	a	n	f	i	v	p
KU666895|A/swine/North_Carolina/A01729625/2016|North_Carolina|98B|delta2|2016-01-13	a	c	v	k	a	n	f	i	v	p
KU666889|A/swine/Iowa/A01729728/2016|Iowa|98B|delta2|2016-01-18	a	c	v	k	a	s	f	i	v	s
KU695691|A/swine/North_Carolina/A01729907/2016|North_Carolina|98B|delta2|2016-01-20	a	c	m	k	a	n	f	i	v	p
KU695712|A/swine/Indiana/A01730363/2016|Indiana|98B|gamma|2016-01-26	t	y	v	i	a	n	v	l	v	p
KU752379|A/swine/North_Carolina/A01730690/2016|North_Carolina|98B|delta2|2016-01-28	a	c	v	k	a	n	f	i	v	p
KU752370|A/swine/North_Carolina/A01730758/2016|North_Carolina|98B|delta2|2016-02-01	a	c	v	k	a	n	f	v	v	p
KU877372|A/swine/North_Carolina/A01731606/2016|North_Carolina|98B|delta2|2016-02-08	a	c	v	k	a	s	f	i	v	p
KU861215|A/swine/Pennsylvania/A01731370/2016|Pennsylvania|98B|delta2|2016-02-09	a	c	v	k	a	s	f	i	v	p
KU877378|A/swine/North_Carolina/A01731762/2016|North_Carolina|98B|delta2|2016-02-15	a	c	v	k	a	n	f	v	v	p
KU925696|A/swine/North_Carolina/A01732059/2016|North_Carolina|98B|delta2|2016-02-16	a	c	v	k	a	n	f	v	v	p
KU925693|A/swine/North_Carolina/A01732036/2016|North_Carolina|98B|delta2|2016-02-19	a	c	v	k	a	n	f	v	v	p
KU925680|A/swine/North_Carolina/A01732331/2016|North_Carolina|98B|delta2|2016-02-24	a	c	v	k	a	n	f	i	v	p
KU942610|A/swine/Iowa/A01732489/2016|Iowa|98B|2010.1|2016-02-25	t	y	v	i	a	n	v	l	v	p
KU942631|A/swine/North_Carolina/A01732695/2016|North_Carolina|98B|delta2|2016-02-29	a	y	v	k	a	n	f	i	v	p
KU942640|A/swine/North_Carolina/A01732706/2016|North_Carolina|98B|delta2|2016-03-02	a	c	m	k	a	n	f	v	v	p
KX008703|A/swine/Georgia/A01732809/2016|Georgia|98B|delta2|2016-03-03	a	c	v	k	a	n	f	i	v	p
KX008697|A/swine/Pennsylvania/A01732852/2016|Pennsylvania|98B|delta2|2016-03-03	a	c	v	k	a	s	f	i	v	l
KX008676|A/swine/Indiana/A01733113/2016|Indiana|98B|delta2|2016-03-08	a	c	v	k	a	s	f	i	v	p
KX036686|A/swine/North_Carolina/A01733288/2016|North_Carolina|98B|delta2|2016-03-09	a	c	v	k	a	n	f	i	v	p
KX036683|A/swine/Pennsylvania/A01733210/2016|Pennsylvania|98B|delta2|2016-03-09	a	c	v	k	a	s	f	i	v	l
KX088407|A/swine/North_Carolina/A01733423/2016|North_Carolina|98B|delta2|2016-03-10	a	c	v	k	a	s	f	m	v	p
KX036689|A/swine/Pennsylvania/A01733218/2016|Pennsylvania|98B|delta2|2016-03-10	a	c	v	k	a	s	f	i	v	l
KX036704|A/swine/North_Carolina/A01733634/2016|North_Carolina|98B|delta2|2016-03-14	a	c	m	k	a	n	f	v	v	p
KX088428|A/swine/Iowa/A01733966/2016|Iowa|98B|delta2|2016-03-21	a	c	v	k	a	s	f	i	v	p
KX088446|A/swine/North_Carolina/A01733986/2016|North_Carolina|98B|delta2|2016-03-22	t	y	v	i	a	n	v	l	v	p
KX150723|A/swine/North_Carolina/A01894401/2016|North_Carolina|98B|delta2|2016-03-28	a	c	v	k	a	s	f	i	v	p
KX150772|A/swine/North_Carolina/A01894500/2016|North_Carolina|98B|delta2|2016-03-28	a	y	v	k	a	s	f	i	v	p
KX150751|A/swine/Indiana/A01894477/2016|Indiana|98B|delta2|2016-03-29	t	y	v	i	a	n	v	l	v	p
KX151017|A/swine/Illinois/A01377702/2016|Illinois|98B|delta2|2016-03-30	t	y	v	m	a	n	v	l	v	p
KX151020|A/swine/Illinois/A01377726/2016|Illinois|98B|delta2|2016-03-31	t	y	v	m	a	n	v	l	v	p
KX185829|A/swine/Iowa/A01894777/2016|Iowa|98B|delta2|2016-03-31	t	y	v	i	s	n	v	l	v	p
KX151023|A/swine/Illinois/A01377718/2016|Illinois|98B|delta2|2016-04-01	t	y	v	m	a	n	v	l	v	p
KX151026|A/swine/Illinois/A01377721/2016|Illinois|98B|delta2|2016-04-01	t	y	v	m	a	n	v	l	v	p
KX185874|A/swine/Indiana/A01894974/2016|Indiana|98B|delta2|2016-04-06	t	y	v	i	a	n	v	l	v	p
KX185826|A/swine/Indiana/A01895167/2016|Indiana|98B|delta2|2016-04-07	a	c	v	k	a	s	f	i	v	p
KX151041|A/swine/Illinois/A01377887/2016|Illinois|98B|delta2|2016-04-11	t	y	v	m	a	n	v	l	v	p
KX151038|A/swine/Illinois/A01377911/2016|Illinois|98B|delta2|2016-04-11	t	y	v	m	a	n	v	l	v	p
KX151035|A/swine/Illinois/A01377924/2016|Illinois|98B|delta2|2016-04-11	t	y	v	m	a	n	v	l	v	p
KX197503|A/swine/North_Carolina/A01895481/2016|North_Carolina|98B|delta2|2016-04-12	a	c	v	k	a	s	f	i	v	p
KX351172|A/swine/North_Carolina/A01774164/2016|North_Carolina|98B|delta2|2016-04-22	a	c	v	k	a	n	f	v	a	p
KX298109|A/swine/North_Carolina/A01774761/2016|North_Carolina|98B|delta2|2016-05-05	a	c	m	k	a	n	f	i	v	p
KX358887|A/swine/North_Carolina/A01775155/2016|North_Carolina|98B|delta2|2016-05-13	a	c	v	k	a	n	f	v	v	p
KX358896|A/swine/Pennsylvania/A01775459/2016|Pennsylvania|98B|delta2|2016-05-17	a	c	v	k	a	s	f	i	v	s
KX380233|A/swine/Iowa/A01775725/2016|Iowa|98B|delta2|2016-05-19	t	y	v	v	a	n	v	l	v	p
KX380257|A/swine/North_Carolina/A01775740/2016|North_Carolina|98B|delta2|2016-05-23	a	c	v	k	a	s	f	i	v	p
KX394202|A/swine/Illinois/A01377968/2016|Illinois|98B|delta2|2016-05-25	t	y	v	i	a	n	v	l	v	p
KX394204|A/swine/North_Carolina/A01775882/2016|North_Carolina|98B|delta2|2016-05-25	a	c	v	k	a	n	f	i	v	p
KX394199|A/swine/Illinois/A01377962/2016|Illinois|98B|delta2|2016-05-27	t	y	v	i	a	n	v	l	v	p
KX658667|A/swine/Indiana/A01812224/2016|Indiana|98B|delta2|2016-06-01	t	y	v	i	a	n	v	l	v	p
KX433149|A/swine/North_Carolina/A01776223/2016|North_Carolina|98B|delta2|2016-06-02	a	c	v	k	a	s	f	i	v	p
KX675268|A/swine/Illinois/A01378013/2016|Illinois|98B|delta2|2016-07-01	t	y	v	m	a	n	v	l	v	p
KX675265|A/swine/Illinois/A01378014/2016|Illinois|98B|delta2|2016-07-01	t	y	v	m	a	n	v	l	v	p
KX652146|A/swine/North_Carolina/A01777394/2016|North_Carolina|98B|delta2|2016-07-06	a	c	v	k	a	n	f	i	i	p
KX652148|A/swine/North_Carolina/A01777499/2016|North_Carolina|98B|delta2|2016-07-08	v	c	v	k	a	n	f	i	v	p
KX602674|A/swine/Minnesota/A01678467/2016|Minnesota|98B|delta2|2016-07-13	t	y	v	i	a	n	v	l	v	p
KX684023|A/swine/Iowa/A01777766/2016|Iowa|98B|delta2|2016-07-15	a	c	v	k	a	n	f	i	v	p
KX772372|A/swine/North_Carolina/A01778373/2016|North_Carolina|98B|delta2|2016-08-05	a	c	v	k	a	n	f	i	v	p
KX827322|A/swine/North_Carolina/A01778579/2016|North_Carolina|98B|delta2|2016-08-16	a	c	v	k	a	n	f	i	i	p
KX830953|A/swine/Illinois/A01778711/2016|Illinois|98B|delta2|2016-08-17	a	c	v	k	a	n	f	i	v	p
KX830955|A/swine/Indiana/A01778622/2016|Indiana|98B|delta2|2016-08-18	a	c	v	k	a	s	f	i	v	p
KX867523|A/swine/North_Carolina/A01778770/2016|North_Carolina|98B|delta2|2016-08-23	v	c	m	k	a	n	f	v	v	p
KX928677|A/swine/Illinois/A01778880/2016|Illinois|98B|delta2|2016-08-24	a	c	v	k	a	n	f	i	v	p
KX928675|A/swine/North_Carolina/A01778881/2016|North_Carolina|98B|delta2|2016-08-26	a	c	v	k	a	s	f	i	v	p
KX908014|A/swine/Indiana/A01778988/2016|Indiana|98B|delta2|2016-08-29	a	c	v	k	s	s	f	i	v	p
KX928655|A/swine/Iowa/A01781219/2016|Iowa|98B|delta2|2016-09-06	a	c	v	k	a	n	f	i	v	p
KX928665|A/swine/North_Carolina/A01781221/2016|North_Carolina|98B|delta2|2016-09-07	a	c	v	k	a	s	f	i	v	p
KY007223|A/swine/North_Carolina/A01781464/2016|North_Carolina|98B|delta2|2016-09-15	a	c	m	k	a	n	f	i	v	p
KX960205|A/swine/North_Carolina/A01781478/2016|North_Carolina|98B|delta2|2016-09-16	a	c	v	k	a	n	f	i	v	p
KY014456|A/swine/North_Carolina/A01782003/2016|North_Carolina|98B|delta2|2016-10-03	a	c	v	k	a	n	f	i	i	p
KY115560|A/swine/North_Carolina/A01782228/2016|North_Carolina|98B|delta2|2016-10-03	v	c	m	k	a	n	f	i	v	p
KY115543|A/swine/Iowa/A01782393/2016|Iowa|98B|delta2|2016-10-10	a	c	v	k	a	n	f	v	v	p
KY211009|A/swine/Iowa/A01782392/2016|Iowa|98B|delta2|2016-10-11	a	c	v	k	a	n	f	i	v	p
KY115539|A/swine/Iowa/A01782397/2016|Iowa|98B|delta2|2016-10-13	t	y	v	i	s	n	v	l	v	p
KY120213|A/swine/South_Carolina/A01782474/2016|South_Carolina|98B|delta2|2016-10-18	t	y	v	i	a	n	v	l	v	s
KY120235|A/swine/Iowa/A01782575/2016|Iowa|98B|delta2|2016-10-24	t	y	v	i	a	n	v	l	v	s
KY210987|A/swine/Iowa/A01782577/2016|Iowa|98B|delta2|2016-10-24	a	c	v	k	a	s	f	i	v	p
KY211019|A/swine/North_Carolina/A01782676/2016|North_Carolina|98B|delta2|2016-10-24	a	c	v	k	v	n	f	i	i	p
KY210993|A/swine/North_Carolina/A01782869/2016|North_Carolina|98B|delta2|2016-10-27	a	c	v	k	a	n	f	i	i	p
KY284553|A/swine/North_Carolina/A01782984/2016|North_Carolina|98B|delta2|2016-11-03	a	c	y	c	e	w	h	g	s	v
KY348367|A/swine/Minnesota/A01668361/2016|Minnesota|98B|delta2|2016-11-16	a	c	v	k	a	n	f	v	v	p
KY382409|A/swine/Iowa/A01668659/2016|Iowa|98B|delta2|2016-11-23	a	c	v	k	a	n	f	i	v	p
KY413023|A/swine/Iowa/A01668917/2016|Iowa|98B|delta2|2016-11-28	t	y	v	i	s	n	v	l	v	p
KY382393|A/swine/North_Carolina/A01668762/2016|North_Carolina|98B|delta2|2016-11-28	a	c	m	e	a	n	f	r	v	p
KY748019|A/swine/North_Carolina/A01785248/2016|North_Carolina|98B|delta2|2016-11-28	a	c	v	k	a	n	f	i	i	p
KY413008|A/swine/Illinois/A01668749/2016|Illinois|98B|delta2|2016-11-29	a	c	v	k	a	n	f	i	v	p
KY454587|A/swine/Iowa/A01671229/2016|Iowa|98B|delta2|2016-12-07	a	c	v	k	a	n	f	i	v	p
KY454597|A/swine/North_Carolina/A01671020/2016|North_Carolina|98B|delta2|2016-12-07	a	y	v	k	a	s	f	i	v	p
KY465594|A/swine/Pennsylvania/A01671487/2016|Pennsylvania|98B|delta2|2016-12-12	a	c	v	k	a	s	f	m	v	p
KY465590|A/swine/Iowa/A01671475/2016|Iowa|98B|delta2|2016-12-14	a	c	v	k	a	n	f	v	v	p
KY465600|A/swine/Iowa/A01671481/2016|Iowa|98B|delta2|2016-12-15	t	y	v	i	a	n	v	l	v	s
KY465584|A/swine/North_Carolina/A01671437/2016|North_Carolina|98B|delta2|2016-12-15	a	c	v	k	a	n	f	i	v	p
KY499592|A/swine/Minnesota/A01671946/2016|Minnesota|98B|delta2|2016-12-28	a	c	v	k	a	n	f	v	v	p
KY522906|A/swine/Illinois/A01672018/2017|Illinois|98B|delta2|2017-01-04	a	c	v	k	a	n	f	i	v	p
KY522880|A/swine/North_Carolina/A01671999/2017|North_Carolina|98B|delta2|2017-01-04	a	c	v	k	a	n	f	v	a	p
KY522900|A/swine/North_Carolina/A01672006/2017|North_Carolina|98B|delta2|2017-01-04	a	c	v	k	a	n	f	i	t	p
KY522884|A/swine/Iowa/A01672047/2017|Iowa|98B|delta2|2017-01-09	a	c	v	k	a	n	f	i	v	p
KY593242|A/swine/North_Carolina/A01672102/2017|North_Carolina|98B|delta2|2017-01-10	a	c	m	k	a	n	f	i	v	p
KY653740|A/swine/North_Carolina/A01672209/2017|North_Carolina|98B|gamma|2017-01-17	a	c	v	k	a	n	f	i	d	p
KY653737|A/swine/North_Carolina/A01672271/2017|North_Carolina|98B|delta2|2017-01-17	a	c	m	k	a	n	f	i	v	p
KY593232|A/swine/Iowa/A01672419/2017|Iowa|98B|delta2|2017-01-18	a	c	v	k	a	n	f	v	a	p
KY593210|A/swine/North_Carolina/A01672380/2017|North_Carolina|98B|delta2|2017-01-19	a	c	v	k	a	n	f	v	a	p
KY593228|A/swine/North_Carolina/A01672369/2017|North_Carolina|98B|delta2|2017-01-20	a	c	v	k	a	n	f	i	d	p
KY631500|A/swine/North_Carolina/A01672458/2017|North_Carolina|98B|delta2|2017-01-20	a	c	v	k	a	s	f	i	v	p
KY744599|A/swine/Illinois/A01672615/2017|Illinois|98B|delta2|2017-01-30	a	c	v	k	a	n	f	i	v	p
KY653733|A/swine/North_Carolina/A01672582/2017|North_Carolina|98B|delta2|2017-01-31	a	c	v	k	a	n	f	i	v	p
KY744611|A/swine/North_Carolina/A01672678/2017|North_Carolina|98B|delta2|2017-02-03	a	c	m	k	a	n	f	i	v	p
KY802113|A/swine/Indiana/A01932256/2017|Indiana|98B|delta2|2017-02-15	a	c	v	k	a	n	f	v	v	p
KY802107|A/swine/North_Carolina/A01932033/2017|North_Carolina|98B|delta2|2017-02-15	a	c	v	k	v	n	f	i	i	p
KY766093|A/swine/North_Carolina/A01932034/2017|North_Carolina|98B|delta2|2017-02-15	a	c	v	k	v	t	f	i	i	p
KY941148|A/swine/North_Carolina/A01932147/2017|North_Carolina|98B|delta2|2017-02-16	a	c	v	k	a	s	f	i	v	p
KY873259|A/swine/North_Carolina/A01932425/2017|North_Carolina|98B|delta2|2017-02-16	a	c	v	k	a	s	f	i	v	p
KY873255|A/swine/Illinois/A01932587/2017|Illinois|98B|delta1a|2017-02-28	a	c	m	k	a	n	f	i	v	p
KY859936|A/swine/North_Carolina/A01932401/2017|North_Carolina|98B|delta2|2017-03-02	a	c	v	n	a	n	f	v	v	p
KY995594|A/swine/Indiana/A01667098/2017|Indiana|98B|delta2|2017-03-03	a	c	v	k	a	n	f	i	v	p
KY941181|A/swine/Iowa/A01667086/2017|Iowa|98B|delta2|2017-03-07	t	y	v	i	s	n	v	l	v	p
KY941152|A/swine/North_Carolina/A01667104/2017|North_Carolina|98B|delta2|2017-03-07	a	c	v	k	v	t	f	i	i	p
MF000470|A/swine/North_Carolina/A02214114/2017|North_Carolina|98B|delta2|2017-03-07	a	c	v	k	v	t	f	i	i	p
KY873247|A/swine/North_Carolina/A01932536/2017|North_Carolina|98B|delta2|2017-03-08	a	c	v	k	a	n	f	v	a	p
KY873243|A/swine/North_Carolina/A01932543/2017|North_Carolina|98B|delta2|2017-03-08	a	c	m	e	a	n	f	r	v	p
KY888292|A/swine/North_Carolina/A01932634/2017|North_Carolina|98B|delta2|2017-03-13	a	c	v	k	a	n	f	i	d	p
KY941177|A/swine/North_Carolina/A01933888/2017|North_Carolina|98B|delta2|2017-03-21	a	s	v	k	a	n	f	i	v	p
KY941169|A/swine/Pennsylvania/A01933903/2017|Pennsylvania|98B|delta2|2017-03-21	a	c	v	k	a	n	f	i	m	p
KY995596|A/swine/North_Carolina/A02214232/2017|North_Carolina|98B|delta2|2017-03-22	a	c	v	k	a	n	f	i	i	p
MF092740|A/swine/Iowa/A02214669/2017|Iowa|98B|delta2|2017-03-28	a	s	v	k	a	n	f	i	v	p
MF092760|A/swine/North_Carolina/A02214670/2017|North_Carolina|98B|delta2|2017-03-28	a	c	m	k	a	n	f	i	v	p
MF000468|A/swine/North_Carolina/A02214336/2017|North_Carolina|98B|delta2|2017-04-03	t	y	v	i	a	n	v	l	v	p
MF092762|A/swine/North_Carolina/A02214480/2017|North_Carolina|98B|delta2|2017-04-07	a	c	v	k	a	s	f	m	v	p
MF150385|A/swine/Illinois/A02214842/2017|Illinois|98B|delta2|2017-04-10	t	y	v	m	a	n	v	l	v	p
MF150345|A/swine/North_Carolina/A02214713/2017|North_Carolina|98B|delta2|2017-04-18	a	c	v	k	a	n	f	i	i	p
MF144691|A/swine/Pennsylvania/A02215004/2017|Pennsylvania|98B|delta2|2017-04-28	a	c	v	k	a	n	f	i	m	p
MF455486|A/swine/Iowa/A02216640/2017|Iowa|98B|delta2|2017-06-06	a	c	v	k	a	n	f	i	v	p
MF455500|A/swine/Iowa/A02217289/2017|Iowa|98B|delta2|2017-06-14	a	c	v	k	a	n	f	i	v	p
MF582527|A/swine/Iowa/A02216716/2017|Iowa|98B|delta2|2017-06-16	a	c	v	k	a	n	f	i	v	p
MF673432|A/swine/Iowa/A02217293/2017|Iowa|98B|delta2|2017-06-19	a	s	v	k	a	n	f	i	v	p
MF488956|A/swine/South_Dakota/A01678497/2017|South_Dakota|98B|delta2|2017-06-27	t	y	v	i	s	n	v	l	v	p
MF768427|A/swine/Iowa/A02217969/2017|Iowa|98B|delta2|2017-06-28	a	c	v	k	a	n	f	v	v	p
MF613971|A/swine/North_Carolina/A02218135/2017|North_Carolina|98B|delta2|2017-07-05	a	c	v	k	a	n	f	i	t	p
MF768425|A/swine/Pennsylvania/A02218034/2017|Pennsylvania|98B|delta2|2017-07-05	a	c	v	k	a	n	f	i	i	p
MF623914|A/swine/North_Carolina/A02218431/2017|North_Carolina|98B|delta2|2017-07-11	a	c	v	k	a	n	f	v	a	p
MF582497|A/swine/North_Carolina/A01785274/2017|North_Carolina|98B|delta2|2017-07-12	a	c	v	k	a	n	f	i	d	p
MF768419|A/swine/Indiana/A02218760/2017|Indiana|98B|delta2|2017-08-03	a	c	v	k	a	s	f	i	v	p
MF784426|A/swine/North_Carolina/A02218906/2017|North_Carolina|98B|delta2|2017-08-09	a	c	v	k	a	n	f	i	i	p
MF784412|A/swine/North_Carolina/A02218894/2017|North_Carolina|98B|delta2|2017-08-10	a	c	v	k	a	n	f	v	v	p
MF996849|A/swine/Iowa/A02219790/2017|Iowa|98B|delta2|2017-08-17	a	c	v	k	a	n	f	i	v	p
MF962615|A/swine/North_Carolina/A02219753/2017|North_Carolina|98B|cluster_ivb|2017-08-24	a	c	v	k	a	n	f	i	d	p
MG210356|A/swine/Iowa/A02221509/2017|Iowa|98B|delta2|2017-08-30	a	c	v	k	a	n	f	i	v	p
MG021138|A/swine/Illinois/A02221268/2017|Illinois|98B|delta2|2017-09-11	a	c	v	k	a	n	f	i	v	p
MG021148|A/swine/Minnesota/A01785293/2017|Minnesota|98B|delta2|2017-09-12	a	c	v	k	a	n	f	i	v	p
MG021146|A/swine/Minnesota/A01785291/2017|Minnesota|98B|delta2|2017-09-13	a	c	v	k	a	n	f	i	v	p
MG210364|A/swine/Missouri/A02221494/2017|Missouri|98B|delta2|2017-09-13	t	y	v	i	a	n	v	l	v	p
MG210354|A/swine/North_Carolina/A02221556/2017|North_Carolina|98B|delta2|2017-09-19	a	c	v	k	a	n	f	i	t	p
MG279539|A/swine/North_Carolina/A02223101/2017|North_Carolina|98B|delta2|2017-10-02	a	c	v	k	a	n	f	i	t	p
MG266076|A/swine/North_Carolina/A01785309/2017|North_Carolina|98B|delta2|2017-10-03	a	c	v	k	a	n	f	i	t	p
MG494755|A/swine/Nebraska/A02223209/2017|Nebraska|98B|delta2|2017-10-09	a	c	v	k	a	n	f	m	v	p
MG494735|A/swine/Iowa/A02223471/2017|Iowa|98B|delta2|2017-10-11	a	c	v	k	a	n	f	i	v	p
MG669426|A/swine/Pennsylvania/A02223370/2017|Pennsylvania|98B|delta2|2017-10-12	a	c	v	k	a	n	f	i	m	p
MG520684|A/swine/North_Carolina/A01785332/2017|North_Carolina|98B|delta2|2017-10-24	a	c	v	k	a	n	f	i	i	p
MG650657|A/swine/North_Carolina/A02134328/2017|North_Carolina|98B|delta2|2017-10-25	a	c	v	k	t	n	f	i	v	p
MG650661|A/swine/Illinois/A02134931/2017|Illinois|98B|delta2|2017-10-26	a	c	v	k	a	n	f	i	v	p
MG681998|A/swine/Indiana/A02135878/2017|Indiana|98B|delta2|2017-11-07	a	c	v	k	a	s	f	i	v	p
MG669452|A/swine/Pennsylvania/A02135726/2017|Pennsylvania|98B|delta2|2017-11-07	a	c	v	k	a	n	f	i	m	p
MG669355|A/swine/Iowa/A01678516/2017|Iowa|98B|delta2|2017-11-13	a	c	v	k	a	n	f	i	v	p
MG870283|A/swine/Pennsylvania/A02135889/2017|Pennsylvania|98B|delta2|2017-11-13	a	c	v	k	a	n	f	i	m	p
MG682000|A/swine/Iowa/A02136751/2017|Iowa|98B|delta2|2017-11-15	a	c	v	k	a	n	f	i	v	p
MG763254|A/swine/Indiana/A02136747/2017|Indiana|98B|delta2|2017-11-17	a	c	v	k	a	n	f	i	m	p
MG870281|A/swine/Iowa/A02136711/2017|Iowa|98B|delta2|2017-11-21	a	c	v	k	a	n	f	i	v	p
MG870273|A/swine/Iowa/A02136840/2017|Iowa|98B|delta2|2017-11-21	a	c	v	k	a	n	f	i	v	p
MG674727|A/swine/North_Carolina/A01785371/2017|North_Carolina|98B|delta2|2017-11-24	a	c	v	k	a	n	f	i	d	p
MG763252|A/swine/North_Carolina/A02137106/2017|North_Carolina|98B|delta2|2017-11-30	a	y	v	k	a	n	f	i	v	p
MG822913|A/swine/Iowa/A02138480/2017|Iowa|98B|delta2|2017-12-01	a	c	v	k	a	n	f	i	v	p
MG775675|A/swine/Iowa/A02137150/2017|Iowa|98B|delta2|2017-12-04	a	c	v	k	a	n	f	i	v	p
MG775663|A/swine/Iowa/A02138494/2017|Iowa|98B|delta2|2017-12-08	a	c	v	k	a	n	f	i	v	p
MG822895|A/swine/North_Carolina/A02138766/2017|North_Carolina|98B|cluster_ivb|2017-12-08	a	c	v	k	a	n	f	v	v	p
MG822905|A/swine/Illinois/A02138769/2017|Illinois|98B|delta2|2017-12-11	a	c	v	k	a	n	f	i	v	p
MG822877|A/swine/Pennsylvania/A02138663/2017|Pennsylvania|98B|delta2|2017-12-12	a	c	v	k	a	n	f	i	m	p
MG832868|A/swine/North_Carolina/A02138817/2017|North_Carolina|98B|delta2|2017-12-18	a	c	v	k	a	n	f	i	t	p
MG870275|A/swine/Iowa/A02138920/2017|Iowa|98B|delta2|2017-12-19	a	c	v	k	a	n	f	i	v	p
MG832654|A/swine/North_Carolina/A01785397/2017|North_Carolina|98B|delta2|2017-12-19	a	c	v	k	a	n	f	i	v	p
MG832656|A/swine/North_Carolina/A01785402/2017|North_Carolina|98B|delta2|2017-12-28	a	c	v	k	a	n	f	v	v	p
MG870271|A/swine/Iowa/A02139248/2018|Iowa|98B|delta2|2018-01-02	a	c	v	k	a	n	f	i	v	p
MG917069|A/swine/Illinois/A02139356/2018|Illinois|98B|delta2|2018-01-03	a	c	v	k	a	n	f	i	v	p
MG870370|A/swine/Iowa/A01785403/2018|Iowa|98B|delta2|2018-01-03	a	c	v	k	a	n	f	i	v	p
MG907116|A/swine/Iowa/A01785409/2018|Iowa|98B|delta2|2018-01-08	a	c	v	k	a	n	f	i	v	p
MG917071|A/swine/Iowa/A02140816/2018|Iowa|98B|delta2|2018-01-09	a	c	v	k	a	n	f	x	v	p
MG917075|A/swine/Iowa/A02140805/2018|Iowa|98B|delta2|2018-01-10	a	c	v	k	a	n	f	i	v	p
MG917061|A/swine/North_Carolina/A02140804/2018|North_Carolina|98B|delta2|2018-01-11	a	c	v	k	a	n	f	i	i	p
MG930923|A/swine/North_Carolina/A02140834/2018|North_Carolina|98B|delta2|2018-01-18	a	c	v	k	a	n	f	i	t	p
MG954327|A/swine/Minnesota/A01785432/2018|Minnesota|98B|delta2|2018-01-26	a	c	v	k	a	n	f	i	v	p
MG954321|A/swine/Minnesota/A01785430/2018|Minnesota|98B|delta2|2018-01-29	a	c	v	k	a	n	f	i	v	p
MG983503|A/swine/Illinois/A02142485/2018|Illinois|98B|delta2|2018-02-06	a	c	v	k	a	n	f	i	v	p
MH037817|A/swine/Iowa/A02142465/2018|Iowa|98B|delta2|2018-02-07	a	c	v	k	a	n	f	i	v	p
MH037827|A/swine/Iowa/A02142808/2018|Iowa|98B|delta2|2018-02-10	a	c	v	k	a	n	f	i	t	p
MH094842|A/swine/Indiana/A02154068/2018|Indiana|98B|delta2|2018-02-19	a	c	v	k	a	n	f	i	v	p
MH094823|A/swine/Iowa/A02154074/2018|Iowa|98B|delta2|2018-02-21	a	c	v	k	a	n	f	i	v	p
MH156840|A/swine/Indiana/A02154756/2018|Indiana|98B|delta2|2018-02-27	a	c	v	k	a	n	f	i	i	p
MH156818|A/swine/Iowa/A02154760/2018|Iowa|98B|delta2|2018-02-28	a	c	v	k	a	n	f	i	t	p
MH160333|A/swine/Iowa/A02155468/2018|Iowa|98B|delta2|2018-03-05	a	c	v	k	a	n	f	i	v	p
MH201019|A/swine/Iowa/A02156341/2018|Iowa|98B|delta2|2018-03-21	a	c	v	k	a	n	f	i	v	p
MH259498|A/swine/Iowa/A02157329/2018|Iowa|98B|delta2|2018-03-26	a	c	v	k	a	n	f	i	v	p
MH259512|A/swine/Iowa/A02157004/2018|Iowa|98B|delta2|2018-03-27	a	c	v	k	a	n	f	i	v	p
MH279984|A/swine/Iowa/A02157388/2018|Iowa|98B|delta2|2018-04-02	a	c	v	e	a	n	f	i	v	p
MH371225|A/swine/Iowa/A02157545/2018|Iowa|98B|delta2|2018-04-09	a	c	v	k	a	n	f	i	v	p
MH279974|A/swine/Missouri/A01785500/2018|Missouri|98B|delta2|2018-04-10	a	c	v	k	a	n	f	i	v	p
MH279980|A/swine/Missouri/A01785503/2018|Missouri|98B|delta2|2018-04-11	a	c	v	k	a	n	f	i	v	p
MH365340|A/swine/Minnesota/A01785507/2018|Minnesota|98B|delta2|2018-04-13	a	c	v	k	a	n	f	v	v	s
MH371211|A/swine/Iowa/A02157968/2018|Iowa|98B|delta2|2018-04-16	a	c	v	k	a	n	f	i	v	p
MH412700|A/swine/Missouri/A01785517/2018|Missouri|98B|delta2|2018-04-20	a	c	v	k	a	n	f	i	v	p
MH396701|A/swine/Iowa/A02158153/2018|Iowa|98B|delta2|2018-04-25	a	c	v	k	a	n	f	i	v	p
MH396711|A/swine/Indiana/A02158148/2018|Indiana|98B|delta2|2018-04-27	a	c	v	k	a	n	f	i	i	p
MH477728|A/swine/North_Carolina/A01785530/2018|North_Carolina|98B|delta2|2018-04-28	a	c	v	k	t	n	f	v	i	p
MH540408|A/swine/Iowa/A02169078/2018|Iowa|98B|cluster_ivb|2018-05-10	a	c	v	k	a	n	f	i	m	p
MH463577|A/swine/Missouri/A02158717/2018|Missouri|98B|delta2|2018-05-14	a	c	v	k	a	n	f	i	v	p
MH463589|A/swine/Iowa/A02158718/2018|Iowa|98B|delta1a|2018-05-15	a	c	v	k	a	n	f	i	v	p
MH445477|A/swine/North_Carolina/A01785540/2018|North_Carolina|98B|delta2|2018-05-15	a	c	v	k	a	n	f	i	i	p
MH492488|A/swine/Iowa/A02158716/2018|Iowa|98B|delta2|2018-05-16	a	c	v	k	a	n	f	i	v	p
MH540402|A/swine/Iowa/A02169145/2018|Iowa|98B|delta2|2018-05-16	a	c	v	k	a	n	f	i	v	p
MH477730|A/swine/Minnesota/A01785549/2018|Minnesota|98B|delta2|2018-05-19	a	c	v	k	a	n	f	i	v	p
MH620603|A/swine/Arkansas/A01104113/2018|Arkansas|98B|delta2|2018-06-01	a	c	v	k	a	n	f	i	v	p
MH496722|A/swine/Minnesota/A01785565/2018|Minnesota|98B|delta2|2018-06-06	a	c	v	k	a	n	f	i	v	p
MH540406|A/swine/Iowa/A02169153/2018|Iowa|98B|delta2|2018-06-18	a	c	v	k	a	n	c	i	v	p
MH727189|A/swine/Iowa/A02172376/2018|Iowa|98B|delta2|2018-07-12	a	c	v	k	a	n	f	i	v	p
MH714797|A/swine/Minnesota/A01785584/2018|Minnesota|98B|delta2|2018-07-13	a	c	v	k	s	n	f	i	v	p
MH802659|A/swine/Iowa/A02254613/2018|Iowa|98B|delta2|2018-07-20	a	c	v	k	a	n	f	i	v	p
MH744135|A/swine/Iowa/A02254260/2018|Iowa|98B|delta2|2018-07-23	a	c	v	k	a	n	f	i	v	p
MH802661|A/swine/North_Carolina/A02254262/2018|North_Carolina|98B|delta2|2018-07-23	a	c	v	k	a	n	f	v	v	p
MH752421|A/swine/Minnesota/A01785588/2018|Minnesota|98B|delta2|2018-07-26	a	c	v	k	a	n	f	i	v	p
MH758778|A/swine/Michigan/A01104117/2018|Michigan|98B|delta2|2018-07-27	a	c	v	k	a	n	f	i	v	p
MH758770|A/swine/California/A01459629/2018|California|98B|delta2|2018-07-31	a	c	v	k	a	n	f	i	v	p
MH802655|A/swine/Iowa/A02254800/2018|Iowa|98B|delta2|2018-07-31	a	c	v	k	a	n	f	i	v	p
MH816845|A/swine/Ohio/A01354364/2018|Ohio|98B|delta2|2018-08-01	a	c	v	k	a	n	f	i	v	p
MH819317|A/swine/Iowa/A02254797/2018|Iowa|98B|delta2|2018-08-02	a	c	v	k	a	n	f	i	v	p
MH819321|A/swine/Indiana/A02254801/2018|Indiana|98B|delta2|2018-08-03	a	c	v	k	a	n	f	i	v	p
MH910352|A/swine/North_Carolina/A02255015/2018|North_Carolina|98B|delta2|2018-08-08	a	c	v	k	a	n	f	v	v	p
MH816837|A/swine/Michigan/A01635976/2018|Michigan|98B|delta2|2018-08-09	a	c	v	k	a	n	f	i	v	p
MK010981|A/swine/Indiana/A01812279/2018|Indiana|98B|delta2|2018-08-15	a	c	v	k	a	n	f	i	v	p
MK024404|A/swine/Indiana/A01812280/2018|Indiana|98B|delta2|2018-08-16	a	c	v	k	a	n	f	i	v	p
MH910364|A/swine/Iowa/A02256555/2018|Iowa|98B|delta2|2018-08-16	a	c	v	k	a	n	f	i	v	p
MH937430|A/swine/Iowa/A02256788/2018|Iowa|98B|delta2|2018-08-20	a	c	v	k	a	n	f	i	v	p
MH898682|A/swine/North_Carolina/A01785604/2018|North_Carolina|98B|delta2|2018-08-23	a	c	v	k	a	n	f	v	v	p
MH992671|A/swine/North_Carolina/A02256741/2018|North_Carolina|98B|delta2|2018-08-23	a	c	v	k	a	n	f	i	v	p
MH898684|A/swine/Minnesota/A01785602/2018|Minnesota|98B|delta2|2018-08-24	a	c	v	k	a	n	f	i	v	p
MH992387|A/swine/California/A01459645/2018|California|98B|delta2|2018-08-27	a	c	v	k	a	n	f	i	v	p
MH938181|A/swine/Minnesota/A02257033/2018|Minnesota|98B|delta2|2018-08-29	a	c	v	k	a	n	f	i	v	p
MK024154|A/swine/North_Carolina/A01785607/2018|North_Carolina|98B|delta2|2018-08-29	a	c	v	k	a	n	f	i	i	p
MH884612|A/swine/Iowa/A01678582/2018|Iowa|98B|delta2|2018-08-30	a	c	v	k	a	n	f	i	v	p
MH936447|A/swine/Minnesota/A01785606/2018|Minnesota|98B|delta2|2018-08-30	a	c	v	k	a	n	f	i	v	p
MK024164|A/swine/North_Carolina/A01785609/2018|North_Carolina|98B|delta2|2018-08-30	a	c	v	k	a	n	f	v	v	p
MH936451|A/swine/North_Carolina/A01785610/2018|North_Carolina|98B|delta2|2018-08-30	a	c	v	k	a	n	f	i	t	p
MH992701|A/swine/Ohio/A02257200/2018|Ohio|98B|delta2|2018-08-31	a	c	v	k	a	n	f	i	v	p
MK013340|A/swine/Indiana/A01812283/2018|Indiana|98B|delta2|2018-09-05	a	c	v	k	a	n	f	i	v	p
MH992673|A/swine/Iowa/A02257203/2018|Iowa|98B|delta2|2018-09-05	a	c	v	k	a	n	f	i	v	p
MK024162|A/swine/North_Carolina/A01785612/2018|North_Carolina|98B|delta2|2018-09-06	a	c	v	k	a	n	f	i	i	p
MH992697|A/swine/North_Carolina/A02257126/2018|North_Carolina|98B|alpha|2018-09-06	a	c	v	k	a	n	f	i	v	p
MH992687|A/swine/Iowa/A02257207/2018|Iowa|98B|delta2|2018-09-10	a	c	v	k	a	n	f	i	v	p
MK024170|A/swine/North_Carolina/A01785615/2018|North_Carolina|98B|delta2|2018-09-11	a	c	v	k	a	n	f	i	i	p
